{"stats":{"minecraft:used":{"minecraft:apple":2,"minecraft:stone_sword":1,"minecraft:wooden_pickaxe":9,"minecraft:stone_axe":15,"minecraft:hay_block":1,"minecraft:crafting_table":1},"minecraft:dropped":{"regions_unexplored:red_maple_sapling":15,"regions_unexplored:pine_sapling":2},"minecraft:mined":{"minecraft:hay_block":1,"regions_unexplored:maple_log":22,"treechop:chopped_log":2,"minecraft:crafting_table":1,"minecraft:oak_log":1,"minecraft:cobblestone":9,"minecraft:fern":1,"regions_unexplored:pine_log":20},"minecraft:picked_up":{"minecraft:stick":2,"minecraft:crafting_table":1,"simplehats:hatbag_rare":1,"regions_unexplored:pine_sapling":2,"minecraft:oak_log":1,"regions_unexplored:red_maple_sapling":15,"minecraft:arrow":1,"minecraft:apple":2,"regions_unexplored:pine_log":21,"minecraft:hay_block":1,"regions_unexplored:maple_log":25,"minecraft:cobblestone":9},"minecraft:killed_by":{"born_in_chaos_v1:zombie_lumberjack":1},"minecraft:custom":{"minecraft:time_since_rest":2641,"enigmaticlegacy:play_time_with_seven_curses":0,"lootr:looted_stat":2,"minecraft:sprint_one_cm":42534,"minecraft:damage_taken":545,"minecraft:walk_one_cm":43822,"minecraft:drop":2,"enigmaticlegacy:play_time_without_seven_curses":9544,"minecraft:interact_with_crafting_table":5,"minecraft:fly_one_cm":22048,"minecraft:open_chest":1,"minecraft:crouch_one_cm":203,"minecraft:play_time":9610,"minecraft:deaths":1,"minecraft:sneak_time":769,"minecraft:jump":61,"minecraft:time_since_death":2575,"minecraft:total_world_time":9610,"minecraft:fall_one_cm":2432},"minecraft:crafted":{"minecraft:oak_planks":4,"minecraft:crafting_table":1,"minecraft:stick":16,"regions_unexplored:maple_planks":8,"minecraft:wooden_pickaxe":1,"minecraft:stone_pickaxe":1,"minecraft:stone_sword":1,"minecraft:stone_axe":1}},"DataVersion":3465}