{"stats":{"minecraft:used":{"minecraft:stone_sword":2,"minecraft:stone_pickaxe":2,"minecraft:oak_planks":5,"minecraft:wooden_pickaxe":9,"minecraft:crafting_table":2,"regions_unexplored:pine_log":5,"minecraft:wooden_axe":27,"minecraft:apple":3,"minecraft:bread":1,"minecraft:stone_axe":16,"minecraft:hay_block":1},"minecraft:dropped":{"knightlib:small_essence":1,"minecraft:rotten_flesh":3,"minecraft:oak_planks":4,"regions_unexplored:pine_sapling":2,"regions_unexplored:red_maple_sapling":48,"minecraft:white_concrete":2,"born_in_chaos_v1:fused_bone":1,"minecraft:arrow":1},"minecraft:broken":{"minecraft:wooden_axe":1},"minecraft:killed":{"born_in_chaos_v1:siamese_skeletonsright":1,"minecraft:zombie":3},"minecraft:mined":{"regions_unexplored:maple_log":31,"minecraft:crafting_table":1,"minecraft:spruce_fence":1,"minecraft:white_concrete":2,"minecraft:cobblestone":9,"minecraft:oak_planks":1,"regions_unexplored:pine_log":20,"minecraft:hay_block":1,"minecraft:spruce_log":4,"treechop:chopped_log":4,"regions_unexplored:frozen_grass":2,"minecraft:oak_log":2,"minecraft:fern":3},"minecraft:picked_up":{"born_in_chaos_v1:fused_bone":1,"minecraft:crafting_table":1,"simplehats:hatbag_rare":1,"minecraft:oak_log":2,"regions_unexplored:red_maple_sapling":48,"minecraft:gunpowder":2,"minecraft:string":1,"minecraft:dirt":1,"minecraft:bone":2,"minecraft:apple":3,"regions_unexplored:pine_log":22,"simplehats:hatbag_uncommon":1,"minecraft:oak_planks":5,"knightlib:small_essence":1,"simplehats:azumanga_hat":1,"minecraft:stick":4,"regions_unexplored:pine_sapling":2,"minecraft:spruce_fence":1,"minecraft:spruce_sapling":1,"minecraft:spruce_log":5,"minecraft:arrow":1,"minecraft:rotten_flesh":3,"minecraft:hay_block":1,"simplehats:carrotonstick":1,"regions_unexplored:maple_log":37,"minecraft:white_concrete":2,"minecraft:snowball":16,"minecraft:cobblestone":9},"minecraft:killed_by":{"minecraft:creeper":1,"born_in_chaos_v1:zombie_lumberjack":1,"born_in_chaos_v1:zombie_bruiser":1,"born_in_chaos_v1:dark_vortex":1,"born_in_chaos_v1:dread_hound":1},"minecraft:custom":{"enigmaticlegacy:play_time_with_seven_curses":0,"lootr:looted_stat":2,"minecraft:mob_kills":4,"enigmaticlegacy:play_time_without_seven_curses":21275,"minecraft:interact_with_crafting_table":8,"minecraft:damage_dealt_resisted":0,"minecraft:leave_game":1,"minecraft:time_since_death":4365,"minecraft:climb_one_cm":1234,"minecraft:time_since_rest":4397,"minecraft:sprint_one_cm":96277,"champions:champion_mobs_killed":4,"minecraft:damage_taken":2231,"minecraft:walk_one_cm":99211,"minecraft:drop":12,"minecraft:damage_dealt":754,"minecraft:fly_one_cm":49227,"minecraft:open_chest":1,"minecraft:crouch_one_cm":3777,"minecraft:play_time":21480,"minecraft:deaths":5,"minecraft:sneak_time":1742,"minecraft:jump":159,"minecraft:walk_on_water_one_cm":85,"minecraft:total_world_time":21480,"minecraft:fall_one_cm":9408,"minecraft:horse_one_cm":268},"minecraft:crafted":{"minecraft:oak_planks":8,"minecraft:crafting_table":1,"minecraft:spruce_planks":20,"regions_unexplored:maple_planks":56,"minecraft:wooden_pickaxe":1,"minecraft:stone_axe":1,"minecraft:bread":3,"minecraft:stick":20,"minecraft:stone_pickaxe":1,"minecraft:wooden_axe":1,"minecraft:stone_sword":1}},"DataVersion":3465}