{"stats":{"minecraft:mined":{"minecraft:bookshelf":1,"minecraft:tnt":1},"minecraft:custom":{"minecraft:jump":33,"minecraft:time_since_rest":5832,"enigmaticlegacy:play_time_with_seven_curses":0,"lootr:looted_stat":1,"minecraft:damage_dealt":271,"minecraft:walk_on_water_one_cm":1303,"minecraft:sprint_one_cm":2640,"minecraft:play_time":5832,"minecraft:damage_taken":117,"minecraft:time_since_death":5832,"minecraft:walk_one_cm":9922,"enigmaticlegacy:play_time_without_seven_curses":5832,"minecraft:total_world_time":5832,"minecraft:fly_one_cm":2017,"minecraft:damage_dealt_resisted":123}},"DataVersion":3120}