{"stats":{"minecraft:mined":{"minecraft:bookshelf":1,"minecraft:tnt":1},"minecraft:custom":{"minecraft:jump":39,"minecraft:time_since_rest":17832,"minecraft:crouch_one_cm":259,"enigmaticlegacy:play_time_with_seven_curses":0,"lootr:looted_stat":4,"minecraft:damage_dealt":290,"minecraft:walk_on_water_one_cm":1350,"minecraft:sprint_one_cm":2640,"minecraft:play_time":17832,"minecraft:damage_taken":117,"minecraft:time_since_death":17832,"minecraft:walk_one_cm":11486,"minecraft:sneak_time":194,"enigmaticlegacy:play_time_without_seven_curses":17832,"minecraft:total_world_time":17832,"minecraft:walk_under_water_one_cm":9774,"minecraft:fly_one_cm":51754,"minecraft:damage_dealt_resisted":136}},"DataVersion":3120}