{"stats":{"minecraft:crafted":{"minecraft:crafting_table":1,"minecraft:stick":8,"minecraft:wooden_pickaxe":1,"minecraft:stone_pickaxe":1,"minecraft:stone_sword":1,"minecraft:acacia_planks":60,"minecraft:stone_axe":1},"minecraft:picked_up":{"minecraft:stick":16,"minecraft:crafting_table":1,"minecraft:acacia_log":26,"biomeswevegone:baobab_sapling":20,"minecraft:wheat_seeds":7,"biomeswevegone:baobab_log":231,"minecraft:acacia_sapling":5,"minecraft:cobblestone":8},"minecraft:custom":{"minecraft:time_since_rest":15569,"enigmaticlegacy:play_time_with_seven_curses":0,"lootr:looted_stat":3,"minecraft:sprint_one_cm":41719,"minecraft:damage_taken":111,"minecraft:walk_one_cm":54719,"minecraft:drop":11,"minecraft:damage_dealt":15,"enigmaticlegacy:play_time_without_seven_curses":15569,"minecraft:interact_with_crafting_table":6,"minecraft:fly_one_cm":54267,"minecraft:crouch_one_cm":2327,"minecraft:play_time":15569,"minecraft:sneak_time":1406,"minecraft:damage_dealt_resisted":62,"minecraft:jump":190,"minecraft:leave_game":2,"minecraft:time_since_death":15569,"minecraft:total_world_time":15569,"minecraft:climb_one_cm":3052,"minecraft:fall_one_cm":2403},"minecraft:dropped":{"minecraft:wheat_seeds":7,"minecraft:bowl":1,"biomeswevegone:baobab_sapling":20,"minecraft:acacia_sapling":5},"minecraft:used":{"minecraft:stone_sword":2,"minecraft:acacia_log":1,"minecraft:wooden_pickaxe":8,"minecraft:stone_axe":41,"minecraft:crafting_table":1,"minecraft:mushroom_stew":1},"minecraft:broken":{"minecraft:stone_axe":1},"minecraft:mined":{"minecraft:acacia_leaves":3,"biomeswevegone:baobab_log":165,"treechop:chopped_log":4,"minecraft:crafting_table":1,"minecraft:grass":2,"minecraft:acacia_log":12,"biomeswevegone:tall_prairie_grass":5,"biomeswevegone:prairie_grass":10,"minecraft:stone":8}},"DataVersion":3465}