{"stats":{"minecraft:crafted":{"minecraft:stone_sword":1,"minecraft:acacia_planks":36,"minecraft:stone_axe":1,"minecraft:crafting_table":1,"minecraft:stick":8,"minecraft:wooden_pickaxe":1,"minecraft:stone_pickaxe":1},"minecraft:picked_up":{"minecraft:stick":1,"minecraft:wheat_seeds":1,"minecraft:acacia_log":13,"minecraft:acacia_sapling":1,"minecraft:cobblestone":8},"minecraft:custom":{"minecraft:time_since_rest":6701,"enigmaticlegacy:play_time_with_seven_curses":0,"minecraft:crouch_one_cm":1245,"minecraft:play_time":6701,"minecraft:sprint_one_cm":22976,"minecraft:damage_taken":20,"minecraft:walk_one_cm":28395,"minecraft:sneak_time":989,"minecraft:drop":2,"minecraft:jump":99,"minecraft:leave_game":1,"minecraft:time_since_death":6701,"enigmaticlegacy:play_time_without_seven_curses":6701,"minecraft:total_world_time":6701,"minecraft:interact_with_crafting_table":3,"minecraft:fall_one_cm":1985,"minecraft:fly_one_cm":37323},"minecraft:dropped":{"minecraft:wheat_seeds":1,"minecraft:acacia_sapling":1},"minecraft:used":{"minecraft:stone_axe":5,"minecraft:acacia_log":1,"minecraft:crafting_table":1,"minecraft:wooden_pickaxe":8},"minecraft:mined":{"minecraft:grass":2,"minecraft:acacia_log":11,"minecraft:stone":8,"treechop:chopped_log":2}},"DataVersion":3465}