{
  "comforts:sleeping_bag_light_blue": {
    "criteria": {
      "has_the_recipe": "2024-10-03 20:55:29 +0000"
    },
    "done": true
  },
  "enigmaticlegacy:book/misc/cosmic_cake": {
    "criteria": {
      "has_the_recipe": "2024-10-03 20:55:29 +0000"
    },
    "done": true
  },
  "iceandfire:iceandfire/root": {
    "criteria": {
      "tick": "2024-10-03 20:55:29 +0000"
    },
    "done": true
  },
  "enigmaticlegacy:book/accessories/enigmatic_elytra": {
    "criteria": {
      "has_the_recipe": "2024-10-03 20:55:29 +0000"
    },
    "done": true
  },
  "enigmaticlegacy:book/misc/mega_sponge": {
    "criteria": {
      "has_the_recipe": "2024-10-03 20:55:29 +0000"
    },
    "done": true
  },
  "enigmaticlegacy:book/misc/hunter_guidebook": {
    "criteria": {
      "has_the_recipe": "2024-10-03 20:55:29 +0000"
    },
    "done": true
  },
  "comforts:hammock_purple": {
    "criteria": {
      "has_the_recipe": "2024-10-03 20:55:29 +0000"
    },
    "done": true
  },
  "comforts:sleeping_bag_pink": {
    "criteria": {
      "has_the_recipe": "2024-10-03 20:55:29 +0000"
    },
    "done": true
  },
  "rpg_series:root": {
    "criteria": {
      "always": "2024-10-03 20:55:29 +0000"
    },
    "done": true
  },
  "comforts:hammock_magenta": {
    "criteria": {
      "has_the_recipe": "2024-10-03 20:55:29 +0000"
    },
    "done": true
  },
  "takesapillage:root": {
    "criteria": {
      "always": "2024-10-03 20:55:29 +0000"
    },
    "done": true
  },
  "enigmaticlegacy:book/accessories/escape_scroll": {
    "criteria": {
      "has_the_recipe": "2024-10-03 20:55:29 +0000"
    },
    "done": true
  },
  "enigmaticlegacy:book/accessories/iron_ring": {
    "criteria": {
      "has_the_recipe": "2024-10-03 20:55:29 +0000"
    },
    "done": true
  },
  "morevillagers:root": {
    "criteria": {
      "always": "2024-10-03 20:55:29 +0000"
    },
    "done": true
  },
  "enigmaticlegacy:book/materials/cosmic_heart": {
    "criteria": {
      "has_the_recipe": "2024-10-03 20:55:29 +0000"
    },
    "done": true
  },
  "comforts:hammock_red": {
    "criteria": {
      "has_the_recipe": "2024-10-03 20:55:29 +0000"
    },
    "done": true
  },
  "enigmaticlegacy:book/misc/enchantment_transposer": {
    "criteria": {
      "has_the_recipe": "2024-10-03 20:55:29 +0000"
    },
    "done": true
  },
  "battletowers:root": {
    "criteria": {
      "Tick": "2024-10-03 20:55:29 +0000"
    },
    "done": true
  },
  "comforts:sleeping_bag_white": {
    "criteria": {
      "has_the_recipe": "2024-10-03 20:55:29 +0000"
    },
    "done": true
  },
  "alekiships:crafting/anchor": {
    "criteria": {
      "has_the_recipe": "2024-10-03 20:55:29 +0000"
    },
    "done": true
  },
  "comforts:sleeping_bag_gray": {
    "criteria": {
      "has_the_recipe": "2024-10-03 20:55:29 +0000"
    },
    "done": true
  },
  "enigmaticlegacy:book/tools/ender_slayer": {
    "criteria": {
      "has_the_recipe": "2024-10-03 20:55:29 +0000"
    },
    "done": true
  },
  "comforts:rope_and_nail": {
    "criteria": {
      "has_the_recipe": "2024-10-03 20:55:29 +0000"
    },
    "done": true
  },
  "mobs_of_mythology:mobs_of_mythology": {
    "criteria": {
      "tick": "2024-10-03 20:55:29 +0000"
    },
    "done": true
  },
  "enigmaticlegacy:book/accessories/ender_ring": {
    "criteria": {
      "has_the_recipe": "2024-10-03 20:55:29 +0000"
    },
    "done": true
  },
  "enigmaticlegacy:book/misc/infinimeal": {
    "criteria": {
      "has_the_recipe": "2024-10-03 20:55:29 +0000"
    },
    "done": true
  },
  "comforts:sleeping_bag_cyan": {
    "criteria": {
      "has_the_recipe": "2024-10-03 20:55:29 +0000"
    },
    "done": true
  },
  "biomeswevegone:biomeswevegone/root": {
    "criteria": {
      "tick": "2024-10-03 20:55:29 +0000"
    },
    "done": true
  },
  "enigmaticlegacy:book/misc/animal_guidebook": {
    "criteria": {
      "has_the_recipe": "2024-10-03 20:55:29 +0000"
    },
    "done": true
  },
  "dungeons_arise:wda_root": {
    "criteria": {
      "WDA": "2024-10-03 20:55:29 +0000"
    },
    "done": true
  },
  "enigmaticlegacy:book/misc/extradimensional_eye": {
    "criteria": {
      "has_the_recipe": "2024-10-03 20:55:29 +0000"
    },
    "done": true
  },
  "enigmaticlegacy:book/accessories/heaven_scroll": {
    "criteria": {
      "has_the_recipe": "2024-10-03 20:55:29 +0000"
    },
    "done": true
  },
  "enigmaticlegacy:book/misc/end_anchor": {
    "criteria": {
      "has_the_recipe": "2024-10-03 20:55:29 +0000"
    },
    "done": true
  },
  "comforts:sleeping_bag_light_gray": {
    "criteria": {
      "has_the_recipe": "2024-10-03 20:55:29 +0000"
    },
    "done": true
  },
  "comforts:hammock_black": {
    "criteria": {
      "has_the_recipe": "2024-10-03 20:55:29 +0000"
    },
    "done": true
  },
  "enigmaticlegacy:book/misc/astral_potato": {
    "criteria": {
      "has_the_recipe": "2024-10-03 20:55:29 +0000"
    },
    "done": true
  },
  "enigmaticlegacy:book/accessories/magnet_ring": {
    "criteria": {
      "has_the_recipe": "2024-10-03 20:55:29 +0000"
    },
    "done": true
  },
  "alekiships:crafting/oar": {
    "criteria": {
      "has_the_recipe": "2024-10-03 20:55:29 +0000"
    },
    "done": true
  },
  "enigmaticlegacy:book/misc/soul_compass": {
    "criteria": {
      "has_the_recipe": "2024-10-03 20:55:29 +0000"
    },
    "done": true
  },
  "enigmaticlegacy:book/misc/lore_inscriber": {
    "criteria": {
      "has_the_recipe": "2024-10-03 20:55:29 +0000"
    },
    "done": true
  },
  "legendary_monsters:end_root": {
    "criteria": {
      "custom_test_name": "2024-10-03 20:55:29 +0000"
    },
    "done": true
  },
  "alekiships:crafting/cannonball": {
    "criteria": {
      "has_the_recipe": "2024-10-03 20:55:29 +0000"
    },
    "done": true
  },
  "comforts:hammock_gray": {
    "criteria": {
      "has_the_recipe": "2024-10-03 20:55:29 +0000"
    },
    "done": true
  },
  "comforts:hammock_cyan": {
    "criteria": {
      "has_the_recipe": "2024-10-03 20:55:29 +0000"
    },
    "done": true
  },
  "comforts:sleeping_bag_purple": {
    "criteria": {
      "has_the_recipe": "2024-10-03 20:55:29 +0000"
    },
    "done": true
  },
  "comforts:sleeping_bag_green": {
    "criteria": {
      "has_the_recipe": "2024-10-03 20:55:29 +0000"
    },
    "done": true
  },
  "comforts:hammock_light_blue": {
    "criteria": {
      "has_the_recipe": "2024-10-03 20:55:29 +0000"
    },
    "done": true
  },
  "enigmaticlegacy:book/accessories/xp_scroll": {
    "criteria": {
      "has_the_recipe": "2024-10-03 20:55:29 +0000"
    },
    "done": true
  },
  "enigmaticlegacy:book/decorations/lamp": {
    "criteria": {
      "has_the_recipe": "2024-10-03 20:55:29 +0000"
    },
    "done": true
  },
  "enigmaticlegacy:book/tools/infernal_shield": {
    "criteria": {
      "has_the_recipe": "2024-10-03 20:55:29 +0000"
    },
    "done": true
  },
  "comforts:sleeping_bag_magenta": {
    "criteria": {
      "has_the_recipe": "2024-10-03 20:55:29 +0000"
    },
    "done": true
  },
  "comforts:hammock_green": {
    "criteria": {
      "has_the_recipe": "2024-10-03 20:55:29 +0000"
    },
    "done": true
  },
  "repurposed_structures:root": {
    "criteria": {
      "always": "2024-10-03 20:55:29 +0000"
    },
    "done": true
  },
  "enigmaticlegacy:book/tools/etherium_axe": {
    "criteria": {
      "has_the_recipe": "2024-10-03 20:55:29 +0000"
    },
    "done": true
  },
  "alekiships:crafting/cleat": {
    "criteria": {
      "has_the_recipe": "2024-10-03 20:55:29 +0000"
    },
    "done": true
  },
  "comforts:sleeping_bag_black": {
    "criteria": {
      "has_the_recipe": "2024-10-03 20:55:29 +0000"
    },
    "done": true
  },
  "enigmaticlegacy:book/accessories/fabulous_scroll": {
    "criteria": {
      "has_the_recipe": "2024-10-03 20:55:29 +0000"
    },
    "done": true
  },
  "enigmaticlegacy:book/misc/twisted_mirror": {
    "criteria": {
      "has_the_recipe": "2024-10-03 20:55:29 +0000"
    },
    "done": true
  },
  "enigmaticlegacy:book/misc/mending_mixture": {
    "criteria": {
      "has_the_recipe": "2024-10-03 20:55:29 +0000"
    },
    "done": true
  },
  "enigmaticlegacy:book/decorations/shroomlamp": {
    "criteria": {
      "has_the_recipe": "2024-10-03 20:55:29 +0000"
    },
    "done": true
  },
  "comforts:hammock_lime": {
    "criteria": {
      "has_the_recipe": "2024-10-03 20:55:29 +0000"
    },
    "done": true
  },
  "enigmaticlegacy:book/accessories/enchanter_pearl": {
    "criteria": {
      "has_the_recipe": "2024-10-03 20:55:29 +0000"
    },
    "done": true
  },
  "enigmaticlegacy:book/accessories/golden_ring": {
    "criteria": {
      "has_the_recipe": "2024-10-03 20:55:29 +0000"
    },
    "done": true
  },
  "comforts:sleeping_bag_red": {
    "criteria": {
      "has_the_recipe": "2024-10-03 20:55:29 +0000"
    },
    "done": true
  },
  "comforts:sleeping_bag_orange": {
    "criteria": {
      "has_the_recipe": "2024-10-03 20:55:29 +0000"
    },
    "done": true
  },
  "enigmaticlegacy:book/tools/etherium_sword": {
    "criteria": {
      "has_the_recipe": "2024-10-03 20:55:29 +0000"
    },
    "done": true
  },
  "enigmaticlegacy:book/armor/etherium_armor": {
    "criteria": {
      "has_the_recipe2": "2024-10-03 20:55:29 +0000"
    },
    "done": true
  },
  "miningmaster:miningmaster/root": {
    "criteria": {
      "tick": "2024-10-03 20:55:29 +0000"
    },
    "done": true
  },
  "enigmaticlegacy:book/tools/forbidden_axe": {
    "criteria": {
      "has_the_recipe": "2024-10-03 20:55:29 +0000"
    },
    "done": true
  },
  "comforts:hammock_blue": {
    "criteria": {
      "has_the_recipe": "2024-10-03 20:55:29 +0000"
    },
    "done": true
  },
  "comforts:hammock_white": {
    "criteria": {
      "has_the_recipe": "2024-10-03 20:55:29 +0000"
    },
    "done": true
  },
  "enigmaticlegacy:book/tools/the_twist": {
    "criteria": {
      "has_the_recipe": "2024-10-03 20:55:29 +0000"
    },
    "done": true
  },
  "mowziesmobs:root": {
    "criteria": {
      "custom_test_name": "2024-10-03 20:55:29 +0000"
    },
    "done": true
  },
  "enigmaticlegacy:book/tools/etherium_scythe": {
    "criteria": {
      "has_the_recipe": "2024-10-03 20:55:29 +0000"
    },
    "done": true
  },
  "comforts:hammock_light_gray": {
    "criteria": {
      "has_the_recipe": "2024-10-03 20:55:29 +0000"
    },
    "done": true
  },
  "enigmaticlegacy:book/accessories/mining_charm": {
    "criteria": {
      "has_the_recipe": "2024-10-03 20:55:29 +0000"
    },
    "done": true
  },
  "alekiships:crafting/cannon": {
    "criteria": {
      "has_the_recipe": "2024-10-03 20:55:29 +0000"
    },
    "done": true
  },
  "comforts:sleeping_bag_brown": {
    "criteria": {
      "has_the_recipe": "2024-10-03 20:55:29 +0000"
    },
    "done": true
  },
  "betterdungeons:root": {
    "criteria": {
      "always": "2024-10-03 20:55:29 +0000"
    },
    "done": true
  },
  "lootr:root": {
    "criteria": {
      "always_true": "2024-10-03 20:55:29 +0000"
    },
    "done": true
  },
  "enigmaticlegacy:book/decorations/redstone_lantern": {
    "criteria": {
      "has_the_recipe": "2024-10-03 20:55:29 +0000"
    },
    "done": true
  },
  "alekiships:crafting/watercraft_frame_flat": {
    "criteria": {
      "has_the_recipe": "2024-10-03 20:55:29 +0000"
    },
    "done": true
  },
  "comforts:hammock_pink": {
    "criteria": {
      "has_the_recipe": "2024-10-03 20:55:29 +0000"
    },
    "done": true
  },
  "comforts:hammock_brown": {
    "criteria": {
      "has_the_recipe": "2024-10-03 20:55:29 +0000"
    },
    "done": true
  },
  "enigmaticlegacy:book/tools/the_infinitum": {
    "criteria": {
      "has_the_recipe": "2024-10-03 20:55:29 +0000"
    },
    "done": true
  },
  "comforts:sleeping_bag_lime": {
    "criteria": {
      "has_the_recipe": "2024-10-03 20:55:29 +0000"
    },
    "done": true
  },
  "alekiships:crafting/oarlock": {
    "criteria": {
      "has_the_recipe": "2024-10-03 20:55:29 +0000"
    },
    "done": true
  },
  "enigmaticlegacy:book/tools/eldritch_pan": {
    "criteria": {
      "has_the_recipe": "2024-10-03 20:55:29 +0000"
    },
    "done": true
  },
  "enigmaticlegacy:book/accessories/super_magnet_ring": {
    "criteria": {
      "has_the_recipe": "2024-10-03 20:55:29 +0000"
    },
    "done": true
  },
  "comforts:hammock_yellow": {
    "criteria": {
      "has_the_recipe": "2024-10-03 20:55:29 +0000"
    },
    "done": true
  },
  "enigmaticlegacy:book/accessories/arcane_scrolls": {
    "criteria": {
      "has_the_recipe": "2024-10-03 20:55:29 +0000"
    },
    "done": true
  },
  "legendary_monsters:legendary_monsters_root": {
    "criteria": {
      "custom_test_name": "2024-10-03 20:55:29 +0000"
    },
    "done": true
  },
  "enigmaticlegacy:book/accessories/avarice_scroll": {
    "criteria": {
      "has_the_recipe": "2024-10-03 20:55:29 +0000"
    },
    "done": true
  },
  "enigmaticlegacy:book/tools/etherium_shovel": {
    "criteria": {
      "has_the_recipe": "2024-10-03 20:55:29 +0000"
    },
    "done": true
  },
  "comforts:sleeping_bag_blue": {
    "criteria": {
      "has_the_recipe": "2024-10-03 20:55:29 +0000"
    },
    "done": true
  },
  "progressivebosses:recipes/misc/corrupted_soul_sand": {
    "criteria": {
      "has_the_recipe_1": "2024-10-03 20:55:29 +0000"
    },
    "done": true
  },
  "born_in_chaos_v1:bornin_chaos": {
    "criteria": {
      "bornin_chaos_0": "2024-10-03 20:55:29 +0000"
    },
    "done": true
  },
  "legendary_monsters:nether_root": {
    "criteria": {
      "custom_test_name": "2024-10-03 20:55:29 +0000"
    },
    "done": true
  },
  "enigmaticlegacy:book/tools/etherium_pickaxe": {
    "criteria": {
      "has_the_recipe": "2024-10-03 20:55:29 +0000"
    },
    "done": true
  },
  "enigmaticlegacy:book/accessories/monster_charm": {
    "criteria": {
      "has_the_recipe": "2024-10-03 20:55:29 +0000"
    },
    "done": true
  },
  "enigmaticlegacy:book/accessories/desolation_ring": {
    "criteria": {
      "has_the_recipe": "2024-10-03 20:55:29 +0000"
    },
    "done": true
  },
  "alekiships:crafting/watercraft_frame_angled": {
    "criteria": {
      "has_the_recipe": "2024-10-03 20:55:29 +0000"
    },
    "done": true
  },
  "cataclysm:root": {
    "criteria": {
      "custom_test_name": "2024-10-03 20:55:29 +0000"
    },
    "done": true
  },
  "comforts:sleeping_bag_yellow": {
    "criteria": {
      "has_the_recipe": "2024-10-03 20:55:29 +0000"
    },
    "done": true
  },
  "mythicmounts:summoning_staff": {
    "criteria": {
      "has_the_recipe": "2024-10-03 20:55:29 +0000"
    },
    "done": true
  },
  "enigmaticlegacy:book/accessories/berserk_charm": {
    "criteria": {
      "has_the_recipe": "2024-10-03 20:55:29 +0000"
    },
    "done": true
  },
  "enigmaticlegacy:book/materials/twisted_heart": {
    "criteria": {
      "has_the_recipe": "2024-10-03 20:55:29 +0000"
    },
    "done": true
  },
  "enigmaticlegacy:book/accessories/insignia": {
    "criteria": {
      "has_the_recipe": "2024-10-03 20:55:29 +0000"
    },
    "done": true
  },
  "enigmaticlegacy:book/materials/ender_rod": {
    "criteria": {
      "has_the_recipe": "2024-10-03 20:55:29 +0000"
    },
    "done": true
  },
  "enigmaticlegacy:book/accessories/cursed_scroll": {
    "criteria": {
      "has_the_recipe": "2024-10-03 20:55:29 +0000"
    },
    "done": true
  },
  "enigmaticlegacy:book/misc/curse_transposer": {
    "criteria": {
      "has_the_recipe": "2024-10-03 20:55:29 +0000"
    },
    "done": true
  },
  "enigmaticlegacy:book/tools/astral_breaker": {
    "criteria": {
      "has_the_recipe": "2024-10-03 20:55:29 +0000"
    },
    "done": true
  },
  "comforts:hammock_orange": {
    "criteria": {
      "has_the_recipe": "2024-10-03 20:55:29 +0000"
    },
    "done": true
  },
  "enigmaticlegacy:book/misc/cursed_stone": {
    "criteria": {
      "has_the_recipe": "2024-10-03 20:55:29 +0000"
    },
    "done": true
  },
  "regions_unexplored:regions_explored": {
    "criteria": {
      "chalk_cliffs": "2024-10-03 20:55:31 +0000"
    },
    "done": false
  },
  "regions_unexplored:pioneer": {
    "criteria": {
      "chalk_cliffs": "2024-10-03 20:55:31 +0000"
    },
    "done": false
  },
  "regions_unexplored:parent": {
    "criteria": {
      "load_in_world": "2024-10-03 20:55:31 +0000"
    },
    "done": true
  },
  "minecraft:adventure/adventuring_time": {
    "criteria": {
      "minecraft:stony_shore": "2024-10-03 20:56:28 +0000"
    },
    "done": false
  },
  "biomeswevegone:biomeswevegone/adventure/oh_the_biomes_weve_gone": {
    "criteria": {
      "biomeswevegone:prairie": "2024-10-03 20:56:53 +0000",
      "biomeswevegone:baobab_savanna": "2024-10-03 20:56:43 +0000"
    },
    "done": false
  },
  "biomeswevegone:biomeswevegone/adventure/root": {
    "criteria": {
      "biomeswevegone:baobab_savanna": "2024-10-03 20:56:43 +0000"
    },
    "done": true
  },
  "minecraft:story/mine_stone": {
    "criteria": {
      "get_stone": "2024-10-03 21:04:17 +0000"
    },
    "done": true
  },
  "theabyss:unlockthebook": {
    "criteria": {
      "unlockthebook": "2024-10-03 21:04:01 +0000"
    },
    "done": true
  },
  "mostructures:root": {
    "criteria": {
      "very_simple_trigger": "2024-10-03 21:03:29 +0000"
    },
    "done": true
  },
  "DataVersion": 3465
}